{
  "block.disenchantment_table.use": {
    "sounds": [
      "block/enchantment_table/enchant1",
      "block/enchantment_table/enchant2",
      "block/enchantment_table/enchant3"
    ],
    "subtitle": "subtitles.block.disenchantment_table.use"
  },
  "block.disenchantment_table.page_turn": {
    "sounds": [
      {
        "name": "item/book/open_flip1",
        "volume": 2.0
      },
      {
        "name": "item/book/open_flip2",
        "volume": 2.0
      },
      {
        "name": "item/book/open_flip3",
        "volume": 2.0
      }
    ],
    "subtitle": "subtitles.block.disenchantment_table.page_turn"
  }
}