{
  "type": "minecraft:chest",
  "pools": [
        {
      "rolls": {
        "type": "minecraft:uniform",
        "min": 1,
        "max": 3
      },
      "bonus_rolls": 0,
      "entries": [
        {
          "type": "minecraft:empty",
          "weight": 6
        },
        {
          "type": "minecraft:item",
          "weight": 1,
          "name": "minecraft:written_book",
          "functions": [
            {
              "function":"set_nbt",
        "tag":"{
          pages:[
              \"[
                \\\"\\\",
                {\\\"text\\\":\\\"§lWritings From a Mournful King\n\\\"},
                {\\\"text\\\":\\\"To anyone who may be looking upon the ruins of my own making, I would wish to tell you our story.\\\"}
              ]\",
              \"[
                {\\\"text\\\":\\\"The treasures, equipment, as well as its hidden riches may be yours, but at least listen to my story before proceeding. You would do our people a service by carrying our memory.\\\"}
              ]\",
              \"[
                {\\\"text\\\":\\\"If you wish to know my name, my name is Grendal Battleborn. I served as king and leader of the Cinderbeards. We were a proud clan that had a rather unique and controversial form of travel.\\\"}
              ]\",
              \"[
                {\\\"text\\\":\\\"Some would argue against it, saying the domain of the supernatural isn't a place for trails or shortcuts; regardless, the realm of the Nether has been a very efficient means of traversal for hundreds of years.\\\"}
              ]\",
              \"[
                {\\\"text\\\":\\\"It's discreet for my people when making portals underground, requires less footwork, and the pathways we would make take less time to traverse than it would be traveling through the Overworld.\\\"}
              ]\",
              \"[
                {\\\"text\\\":\\\"Take for example a meter in the Nether, which would be about the size of a block.\\\"}
              ]\",
              \"[
                {\\\"text\\\":\\\"If I traversed a block of land in the Nether, that would mean I traveled 8 blocks in the Overworld. Travel over two blocks, you traveled 16. The distances add up after a long while, and we used this to our people's advantage...\\\"}
              ]\"
            ],
            title:Journal,
            author:Unkown,
            display:{Lore:[\"Found in the Ancient Mines\"]}
            }"},
            {
              "function": "minecraft:set_name",
              "name": "Writings From a Mournful King #1",
              "add": false
            }
          ]
        },
        {
          "type": "minecraft:item",
          "weight": 1,
          "name": "minecraft:written_book",
          "functions": [
            {
              "function":"set_nbt",
        "tag":"{
          pages:[
              \"[
                \\\"\\\",
                {\\\"text\\\":\\\"Our kingdom stretches deep across the crust of the Overworld, with riches and metals being a source of pride and prosperity. My people lived happily, nary having a want for food or baubles to feel content. \\\"}
              ]\",
              \"[
                {\\\"text\\\":\\\"There were very few moments we would have to go up to the surface for farm animals and other goods, but those moments were often the result of hardships for my kingdom.\\\"}
              ]\",
              \"[
                {\\\"text\\\":\\\"Still, we fought on, and our people prospered through both the good and the bad. We survived all manner of insect, walking corpse, and the deepest of darkness we could encounter...\\\"}
              ]\",
              \"[
                {\\\"text\\\":\\\"But that would only last for a generation, after my father passed on.\\\"}
              ]\",
              \"[
                {\\\"text\\\":\\\"While we had used the Netherrealm as a means of travel, we never exploited the land for resources. We understood this plane was filled with limitless resources, some we haven't even discovered yet. Despite the potential, however, we were frightened.\\\"}
              ]\",
              \"[
                {\\\"text\\\":\\\"We didn't want to provoke the inhabitants of the realm, those damned Pigkin... Whether alive or undead, both would still be dangerous to fight, and the last King knew this before he gave the crown to me. \\\"}
              ]\",
              \"[
                {\\\"text\\\":\\\"'Never fight the Pigkin, for they would fight as fiercely as a Dwarf's heart.' And yet, under poor counsel, I assumed better...\\\"}
              ]\"
            ],
            title:Journal,
            author:Unkown,
            display:{Lore:[\"Found in the Ancient Mines\"]}
            }"},
            {
              "function": "minecraft:set_name",
              "name": "Writings From a Mournful King #2",
              "add": false
            }
          ]
        },
        {
          "type": "minecraft:item",
          "weight": 1,
          "name": "minecraft:written_book",
          "functions": [
            {
              "function":"set_nbt",
        "tag":"{
          pages:[
              \"[
                \\\"\\\",
                {\\\"text\\\":\\\"We became too emboldened, too confident. When we saw the glistening pieces of gold, iron and dark iron sticking out from the red lumps of fleshy earth, we were emboldened by our numbers and equipment.\\\"}
              ]\",
              \"[
                {\\\"text\\\":\\\"I found it easy to convince ourselves of victory, even when we began raiding the Pigkin's bastions. This was our greatest mistake. The forces of Hel declared war, and with it, they brought their strongest warriors and a lack of mercy.\\\"}
              ]\",
              \"[
                {\\\"text\\\":\\\"My people fought on the front lines, and held out in strongholds of brick and mortar. But eventually, the Pigkin stormed the portal and breached our halls.\\\"}
              ]\",
              \"[
                {\\\"text\\\":\\\"They came in overwhelming numbers, picking my brothers and sisters off one by one. The bravest of us managed to destroy the portal before more could come through, but we had left a lot of our own kin on the other side.\\\"}
              ]\",
              \"[
                {\\\"text\\\":\\\"The rest of the Piglins were left in our kingdom, torching our hovels and dismantling our forges.\\\"}
              ]\",
              \"[
                {\\\"text\\\":\\\"It took us months to find stability, and scour out the last bit of Hel's forces. But eventually, we reclaimed what had been left.\\\"}
              ]\",
              \"[
                {\\\"text\\\":\\\"The war between Hel and Stone wasn't the death of our kingdom... But the resulting infighting was.\\\"}
              ]\"
            ],
            title:Journal,
            author:Unkown,
            display:{Lore:[\"Found in the Ancient Mines\"]}
            }"},
            {
              "function": "minecraft:set_name",
              "name": "Writings From a Mournful King #3",
              "add": false
            }
          ]
        },
        {
          "type": "minecraft:item",
          "weight": 1,
          "name": "minecraft:written_book",
          "functions": [
            {
              "function":"set_nbt",
        "tag":"{
          pages:[
              \"[
                \\\"\\\",
                {\\\"text\\\":\\\"After the Great War of Cinders, swathes of my people would refuse to follow the old ways. Said it was too dangerous to return to the realm, with many wanting to make traveling between plains taboo.\\\"}
              ]\",
              \"[
                {\\\"text\\\":\\\"I tried to sympathize with my subjects, ease their woes and losses, but the horrors of the Netherrealm's army swat down all forms of compromise. They refused to go back. Tensions would build, friend would become foe, and war would break out once again.\\\"}
              ]\",
              \"[
                {\\\"text\\\":\\\"No one could win this war. Those who fought against our ways would die, while the rest of us had little to live off of. We knew we had to survive through any and all means, and we knew we had to go back for the brothers and sisters we left behind.\\\"}
              ]\",
              \"[
                {\\\"text\\\":\\\"Most importantly, my wife and son deserved a second chance. We opened a portal on the upper mines, gave the departing warriors materials for an exit, and I ordered any leftover men and women to make refuge in Hel.\\\"}
              ]\",
              \"[
                {\\\"text\\\":\\\"If we were so insistent on being there, even fighting a war for that right, then we might as well make it our home. Whether they still remain in the realm or not, I do not know.\\\"}
              ]\",
              \"[
                {\\\"text\\\":\\\"As for my rule, I gave my duties to someone who would be wiser and more cautious than I could ever be. I passed my crown, kissed my wife and son goodbye, and sealed the portal shut when my people left me behind…\\\"}
              ]\",
              \"[
                {\\\"text\\\":\\\"Now my last wish is to remain in the ruins of our kings' work. My father carried this clan well as the last king, and while I failed to live up to the prestige and honor he gave our kingdom, I hope this last act will absolve me of the guilt.\\\"}
              ]\",
              \"[
                {\\\"text\\\":\\\"Who’s to say that’s possible, though, when my people are potentially dead or damned by my own ambitions...\\\"}
              ]\"
            ],
            title:Journal,
            author:Unkown,
            display:{Lore:[\"Found in the Ancient Mines\"]}
            }"},
            {
              "function": "minecraft:set_name",
              "name": "Writings From a Mournful King #4",
              "add": false
            }
          ]
        },
        {
          "type": "minecraft:item",
          "weight": 1,
          "name": "minecraft:written_book",
          "functions": [
            {
              "function":"set_nbt",
        "tag":"{
          pages:[
              \"[
                \\\"\\\",
                {\\\"text\\\":\\\"Unfortunately, that is the end of my retelling. I could tell you more about our history, our culture, the people or even what was, but the memories are too painful to bring up again.\\\"}
              ]\",
              \"[
                {\\\"text\\\":\\\"If you have read this far, then I thank you. I hope that you keep our spirit and fervor in your heart, but be sure to protect those you could never live without.\\\"}
              ]\",
              \"[
                {\\\"text\\\":\\\"Before you close my journal, however, I have one more request.\\\"}
              ]\",
              \"[
                {\\\"text\\\":\\\"If you ever see my people out there in the Netherrealm, leave them at peace. It's what they would've wanted in the end, even if they fought for or against my war...\\\"}
              ]\"
            ],
            title:Journal,
            author:Unkown,
            display:{Lore:[\"Found in the Ancient Mines\"]}
            }"},
            {
              "function": "minecraft:set_name",
              "name": "Writings From a Mournful King #5",
              "add": false
            }
          ]
        }
      ]
    },
    {
      "rolls": 2,
      "bonus_rolls": 0,
      "entries": [
        {
          "type": "minecraft:item",
          "weight": 20,
          "name": "minecraft:golden_apple"
        },
        {
          "type": "minecraft:item",
          "weight": 20,
          "name": "create:honeyed_apple"
        },
        {
          "type": "minecraft:item",
          "weight": 2,
          "name": "minecraft:enchanted_golden_apple"
        },
        {
          "type": "minecraft:item",
          "weight": 20,
          "name": "minecraft:name_tag"
        },
        {
          "type": "minecraft:item",
          "weight": 5,
          "name": "minecraft:ender_pearl"
        },
        {
          "type": "minecraft:item",
          "weight": 5,
          "name": "minecraft:music_disc_mellohi"
        },
        {
          "type": "minecraft:item",
          "weight": 10,
          "name": "minecraft:book",
          "functions": [
            {
              "function": "minecraft:enchant_randomly"
            }
          ]
        },
        {
          "type": "minecraft:item",
          "weight": 10,
          "name": "quark:blank_rune"
        },
        {
          "type": "minecraft:item",
          "weight": 5,
          "name": "quark:trowel"
        },
        {
          "type": "minecraft:item",
          "weight": 5,
          "name": "create:honey_bucket"
        },
        {
          "type": "minecraft:item",
          "weight": 10,
          "name": "minecraft:lava_bucket"
        },
        {
          "type": "minecraft:item",
          "weight": 5,
          "name": "create:builders_tea"
        }
      ]
    },
    {
      "rolls": {
        "type": "minecraft:uniform",
        "min": 2,
        "max": 4
      },
      "bonus_rolls": 0,
      "entries": [
        {
          "type": "minecraft:item",
          "weight": 10,
          "name": "create:experience_nugget",
          "functions": [
            {
              "function": "minecraft:set_count",
              "count": {
                "type": "minecraft:uniform",
                "min": 5,
                "max": 15
              },
              "add": false
            }
          ]
        },
        {
          "type": "minecraft:item",
          "weight": 5,
          "name": "minecraft:redstone",
          "functions": [
            {
              "function": "minecraft:set_count",
              "count": {
                "type": "minecraft:uniform",
                "min": 4,
                "max": 9
              },
              "add": false
            }
          ]
        },
        {
          "type": "minecraft:item",
          "weight": 5,
          "name": "minecraft:lapis_lazuli",
          "functions": [
            {
              "function": "minecraft:set_count",
              "count": {
                "type": "minecraft:uniform",
                "min": 4,
                "max": 9
              },
              "add": false
            }
          ]
        },
        {
          "type": "minecraft:item",
          "weight": 3,
          "name": "minecraft:diamond",
          "functions": [
            {
              "function": "minecraft:set_count",
              "count": {
                "type": "minecraft:uniform",
                "min": 1,
                "max": 2
              },
              "add": false
            }
          ]
        },
        {
          "type": "minecraft:item",
          "weight": 15,
          "name": "minecraft:black_candle",
          "functions": [
            {
              "function": "minecraft:set_count",
              "count": {
                "type": "minecraft:uniform",
                "min": 1,
                "max": 3
              },
              "add": false
            }
          ]
        },
        {
          "type": "minecraft:item",
          "weight": 5,
          "name": "alexsmobs:centipede_leg",
          "functions": [
            {
              "function": "minecraft:set_count",
              "count": {
                "type": "minecraft:uniform",
                "min": 3,
                "max": 6
              },
              "add": false
            }
          ]
        },
        {
          "type": "minecraft:item",
          "weight": 10,
          "name": "minecraft:bone",
          "functions": [
            {
              "function": "minecraft:set_count",
              "count": {
                "type": "minecraft:uniform",
                "min": 2,
                "max": 4
              },
              "add": false
            }
          ]
        },
        {
          "type": "minecraft:item",
          "weight": 10,
          "name": "minecraft:string",
          "functions": [
            {
              "function": "minecraft:set_count",
              "count": {
                "type": "minecraft:uniform",
                "min": 2,
                "max": 4
              },
              "add": false
            }
          ]
        },
        {
          "type": "minecraft:item",
          "weight": 15,
          "name": "alexsmobs:lava_bottle"
        }
      ]
    },
    {
      "rolls": 1,
      "bonus_rolls": 0,
      "entries": [
        {
          "type": "minecraft:item",
          "weight": 20,
          "name": "minecraft:rail",
          "functions": [
            {
              "function": "minecraft:set_count",
              "count": {
                "type": "minecraft:uniform",
                "min": 4,
                "max": 8
              },
              "add": false
            }
          ]
        },
        {
          "type": "minecraft:item",
          "weight": 5,
          "name": "minecraft:powered_rail",
          "functions": [
            {
              "function": "minecraft:set_count",
              "count": {
                "type": "minecraft:uniform",
                "min": 1,
                "max": 4
              },
              "add": false
            }
          ]
        },
        {
          "type": "minecraft:item",
          "weight": 5,
          "name": "minecraft:detector_rail",
          "functions": [
            {
              "function": "minecraft:set_count",
              "count": {
                "type": "minecraft:uniform",
                "min": 1,
                "max": 4
              },
              "add": false
            }
          ]
        },
        {
          "type": "minecraft:item",
          "weight": 3,
          "name": "create:controller_rail",
          "functions": [
            {
              "function": "minecraft:set_count",
              "count": {
                "type": "minecraft:uniform",
                "min": 1,
                "max": 4
              },
              "add": false
            }
          ]
        },
        {
          "type": "minecraft:item",
          "weight": 5,
          "name": "minecraft:activator_rail",
          "functions": [
            {
              "function": "minecraft:set_count",
              "count": {
                "type": "minecraft:uniform",
                "min": 1,
                "max": 4
              },
              "add": false
            }
          ]
        },
        {
          "type": "minecraft:item",
          "weight": 15,
          "name": "minecraft:torch",
          "functions": [
            {
              "function": "minecraft:set_count",
              "count": {
                "type": "minecraft:uniform",
                "min": 1,
                "max": 16
              },
              "add": false
            }
          ]
        },
        {
          "type": "minecraft:empty",
          "weight": 3
        }
      ]
    },
    {
      "rolls": {
        "type": "minecraft:uniform",
        "min": 1,
        "max": 1
      },
      "bonus_rolls": 0,
      "entries": [
        {
          "type": "minecraft:item",
          "weight": 1,
          "name": "minecraft:diamond_sword",
          "functions": [
            {
              "function": "minecraft:enchant_with_levels",
              "levels": {
                "type": "minecraft:uniform",
                "min": 20,
                "max": 39
              },
              "treasure": true
            }
          ]
        },
        {
          "type": "minecraft:empty",
          "weight": 7
        },
        {
          "type": "minecraft:item",
          "weight": 1,
          "name": "minecraft:diamond_boots",
          "functions": [
            {
              "function": "minecraft:enchant_with_levels",
              "levels": {
                "type": "minecraft:uniform",
                "min": 20,
                "max": 39
              },
              "treasure": true
            }
          ]
        },
        {
          "type": "minecraft:item",
          "weight": 1,
          "name": "minecraft:diamond_chestplate",
          "functions": [
            {
              "function": "minecraft:enchant_with_levels",
              "levels": {
                "type": "minecraft:uniform",
                "min": 20,
                "max": 39
              },
              "treasure": true
            }
          ]
        },
        {
          "type": "minecraft:item",
          "weight": 1,
          "name": "minecraft:diamond_leggings",
          "functions": [
            {
              "function": "minecraft:enchant_with_levels",
              "levels": {
                "type": "minecraft:uniform",
                "min": 20,
                "max": 39
              },
              "treasure": true
            }
          ]
        },
        {
          "type": "minecraft:item",
          "weight": 1,
          "name": "minecraft:diamond_helmet",
          "functions": [
            {
              "function": "minecraft:enchant_with_levels",
              "levels": {
                "type": "minecraft:uniform",
                "min": 20,
                "max": 39
              },
              "treasure": true
            }
          ]
        },
        {
          "type": "minecraft:item",
          "weight": 1,
          "name": "minecraft:diamond_pickaxe",
          "functions": [
            {
              "function": "minecraft:enchant_with_levels",
              "levels": {
                "type": "minecraft:uniform",
                "min": 20,
                "max": 39
              },
              "treasure": true
            }
          ]
        },
        {
          "type": "minecraft:item",
          "weight": 1,
          "name": "minecraft:diamond_shovel",
          "functions": [
            {
              "function": "minecraft:enchant_with_levels",
              "levels": {
                "type": "minecraft:uniform",
                "min": 20,
                "max": 39
              },
              "treasure": true
            }
          ]
        },
        {
          "type": "minecraft:item",
          "weight": 3,
          "name": "minecraft:iron_sword",
          "functions": [
            {
              "function": "minecraft:enchant_with_levels",
              "levels": {
                "type": "minecraft:uniform",
                "min": 20,
                "max": 39
              },
              "treasure": true
            }
          ]
        },
        {
          "type": "minecraft:item",
          "weight": 2,
          "name": "minecraft:iron_boots",
          "functions": [
            {
              "function": "minecraft:enchant_with_levels",
              "levels": {
                "type": "minecraft:uniform",
                "min": 20,
                "max": 39
              },
              "treasure": true
            }
          ]
        },
        {
          "type": "minecraft:item",
          "weight": 2,
          "name": "minecraft:iron_chestplate",
          "functions": [
            {
              "function": "minecraft:enchant_with_levels",
              "levels": {
                "type": "minecraft:uniform",
                "min": 20,
                "max": 39
              },
              "treasure": true
            }
          ]
        },
        {
          "type": "minecraft:item",
          "weight": 2,
          "name": "minecraft:iron_leggings",
          "functions": [
            {
              "function": "minecraft:enchant_with_levels",
              "levels": {
                "type": "minecraft:uniform",
                "min": 20,
                "max": 39
              },
              "treasure": true
            }
          ]
        },
        {
          "type": "minecraft:item",
          "weight": 2,
          "name": "minecraft:iron_helmet",
          "functions": [
            {
              "function": "minecraft:enchant_with_levels",
              "levels": {
                "type": "minecraft:uniform",
                "min": 20,
                "max": 39
              },
              "treasure": true
            }
          ]
        },
        {
          "type": "minecraft:item",
          "weight": 3,
          "name": "minecraft:iron_pickaxe",
          "functions": [
            {
              "function": "minecraft:enchant_with_levels",
              "levels": {
                "type": "minecraft:uniform",
                "min": 20,
                "max": 39
              },
              "treasure": true
            }
          ]
        },
                {
          "type": "minecraft:item",
          "weight": 3,
          "name": "minecraft:iron_axe",
          "functions": [
            {
              "function": "minecraft:enchant_with_levels",
              "levels": {
                "type": "minecraft:uniform",
                "min": 20,
                "max": 39
              },
              "treasure": true
            }
          ]
        },
        {
          "type": "minecraft:item",
          "weight": 3,
          "name": "minecraft:diamond_axe",
          "functions": [
            {
              "function": "minecraft:enchant_with_levels",
              "levels": {
                "type": "minecraft:uniform",
                "min": 20,
                "max": 39
              },
              "treasure": true
            }
          ]
        },
        {
          "type": "minecraft:item",
          "weight": 3,
          "name": "minecraft:iron_shovel",
          "functions": [
            {
              "function": "minecraft:enchant_with_levels",
              "levels": {
                "type": "minecraft:uniform",
                "min": 20,
                "max": 39
              },
              "treasure": true
            }
          ]
        }
      ]
    },
    {
      "rolls": 1,
      "bonus_rolls": 0,
      "entries": [
        {
          "type": "minecraft:item",
          "weight": 5,
          "name": "minecraft:raw_iron",
          "functions": [
            {
              "function": "minecraft:set_count",
              "count": {
                "type": "minecraft:uniform",
                "min": 3,
                "max": 7
              },
              "add": false
            }
          ]
        },
        {
          "type": "minecraft:item",
          "weight": 5,
          "name": "minecraft:raw_copper",
          "functions": [
            {
              "function": "minecraft:set_count",
              "count": {
                "type": "minecraft:uniform",
                "min": 3,
                "max": 7
              },
              "add": false
            }
          ]
        },
        {
          "type": "minecraft:item",
          "weight": 3,
          "name": "minecraft:raw_gold",
          "functions": [
            {
              "function": "minecraft:set_count",
              "count": {
                "type": "minecraft:uniform",
                "min": 3,
                "max": 7
              },
              "add": false
            }
          ]
        },
        {
          "type": "minecraft:item",
          "weight": 5,
          "name": "create:raw_zinc",
          "functions": [
            {
              "function": "minecraft:set_count",
              "count": {
                "type": "minecraft:uniform",
                "min": 3,
                "max": 7
              },
              "add": false
            }
          ]
        },
        {
          "type": "minecraft:item",
          "weight": 5,
          "name": "minecraft:raw_gold_block",
          "functions": [
            {
              "function": "minecraft:set_count",
              "count": {
                "type": "minecraft:uniform",
                "min": 2,
                "max": 4
              },
              "add": false
            }
          ]
        },
        {
          "type": "minecraft:item",
          "weight": 5,
          "name": "minecraft:raw_iron_block",
          "functions": [
            {
              "function": "minecraft:set_count",
              "count": {
                "type": "minecraft:uniform",
                "min": 2,
                "max": 4
              },
              "add": false
            }
          ]
        },
        {
          "type": "minecraft:item",
          "weight": 5,
          "name": "minecraft:raw_copper_block",
          "functions": [
            {
              "function": "minecraft:set_count",
              "count": {
                "type": "minecraft:uniform",
                "min": 2,
                "max": 4
              },
              "add": false
            }
          ]
        },
        {
          "type": "minecraft:item",
          "weight": 5,
          "name": "create:raw_zinc_block",
          "functions": [
            {
              "function": "minecraft:set_count",
              "count": {
                "type": "minecraft:uniform",
                "min": 2,
                "max": 4
              },
              "add": false
            }
          ]
        },
        {
          "type": "minecraft:item",
          "weight": 10,
          "name": "minecraft:coal",
          "functions": [
            {
              "function": "minecraft:set_count",
              "count": {
                "type": "minecraft:uniform",
                "min": 3,
                "max": 10
              },
              "add": false
            }
          ]
        }
      ]
    }
  ]
}
