{
  "processors": [
    {
      "processor_type": "integrated_api:waterlogging_fix_processor"
    },
    {
      "rules": [
        {
          "output_state": {
            "Name": "minecraft:barrel"
          },
          "output_nbt": {
            "LootTable": "idas:chests/nexus/nexus"
          },
          "input_predicate": {
            "block": "minecraft:barrel",
            "probability": 1,
            "predicate_type": "minecraft:random_block_match"
          },
          "location_predicate": {
            "predicate_type": "minecraft:always_true"
          }
        }
      ],
      "processor_type": "minecraft:rule"
    },
    {
      "processor_type": "integrated_api:spawner_randomizing_processor",
      "integrated_api_spawner_resourcelocation": "idas:nexus"
    }
  ]
}