{
  "replace": false,
  "parts": [
    {
      "path": "tinkers_ingenuity:item/tool/armor/body_plate",
      "statType": "tinkers_ingenuity:plate"
    },
    {
      "path": "tinkers_ingenuity:item/tool/armor/head_plate",
      "statType": "tinkers_ingenuity:plate"
    },
    {
      "path": "tinkers_ingenuity:item/tool/armor/legs_plate",
      "statType": "tinkers_ingenuity:plate"
    },
    {
      "path": "tinkers_ingenuity:item/tool/armor/feet_plate",
      "statType": "tinkers_ingenuity:plate"
    },
    {
      "path": "tinkers_ingenuity:item/tool/armor/mail",
      "statType": "tinkers_ingenuity:mail"
    },
    {
      "path": "tinkers_ingenuity:item/tool/armor/trim",
      "statType": "tinkers_ingenuity:trim"
    },
    {
      "path": "tinkers_ingenuity:models/armor/material_armor_plate_layer_1",
      "statType": "tinkers_ingenuity:plate"
    },
    {
      "path": "tinkers_ingenuity:models/armor/material_armor_plate_layer_2",
      "statType": "tinkers_ingenuity:plate"
    },
    {
      "path": "tinkers_ingenuity:models/armor/material_armor_mail_layer_1",
      "statType": "tinkers_ingenuity:mail"
    },
    {
      "path": "tinkers_ingenuity:models/armor/material_armor_mail_layer_2",
      "statType": "tinkers_ingenuity:mail"
    },
    {
      "path": "tinkers_ingenuity:item/tool/armor/head/mail",
      "statType": "tinkers_ingenuity:mail"
    },
    {
      "path": "tinkers_ingenuity:item/tool/armor/head/broken_head_plate",
      "statType": "tinkers_ingenuity:plate"
    },
    {
      "path": "tinkers_ingenuity:item/tool/armor/head/head_plate",
      "statType": "tinkers_ingenuity:plate"
    },
    {
      "path": "tinkers_ingenuity:item/tool/armor/head/trim",
      "statType": "tinkers_ingenuity:trim"
    },
    {
      "path": "tinkers_ingenuity:item/tool/armor/body/broken_body_plate",
      "statType": "tinkers_ingenuity:plate"
    },
    {
      "path": "tinkers_ingenuity:item/tool/armor/body/body_plate",
      "statType": "tinkers_ingenuity:plate"
    },
    {
      "path": "tinkers_ingenuity:item/tool/armor/body/mail",
      "statType": "tinkers_ingenuity:mail"
    },
    {
      "path": "tinkers_ingenuity:item/tool/armor/body/trim",
      "statType": "tinkers_ingenuity:trim"
    },
    {
      "path": "tinkers_ingenuity:item/tool/armor/legs/mail",
      "statType": "tinkers_ingenuity:mail"
    },
    {
      "path": "tinkers_ingenuity:item/tool/armor/legs/trim",
      "statType": "tinkers_ingenuity:trim"
    },
    {
      "path": "tinkers_ingenuity:item/tool/armor/legs/legs_plate",
      "statType": "tinkers_ingenuity:plate"
    },
    {
      "path": "tinkers_ingenuity:item/tool/armor/legs/broken_legs_plate",
      "statType": "tinkers_ingenuity:plate"
    },
    {
      "path": "tinkers_ingenuity:item/tool/armor/feet/feet_plate",
      "statType": "tinkers_ingenuity:plate"
    },
    {
      "path": "tinkers_ingenuity:item/tool/armor/feet/broken_feet_plate",
      "statType": "tinkers_ingenuity:plate"
    },
    {
      "path": "tinkers_ingenuity:item/tool/armor/feet/mail",
      "statType": "tinkers_ingenuity:mail"
    },
    {
      "path": "tinkers_ingenuity:item/tool/armor/feet/trim",
      "statType": "tinkers_ingenuity:trim"
    },
    {
      "path": "tinkers_ingenuity:item/tool/lograzor/small_blade",
      "statType": "tconstruct:head"
    },
    {
      "path": "tinkers_ingenuity:item/tool/lograzor/broken_small_blade",
      "statType": "tconstruct:head"
    },
    {
      "path": "tinkers_ingenuity:item/tool/lograzor/tough_handle",
      "statType": "tconstruct:extra"
    },
    {
      "path": "tinkers_ingenuity:item/tool/lograzor/tool_handle",
      "statType": "tconstruct:handle"
    },
    {
      "path": "tinkers_ingenuity:item/tool/blowpipe/tube",
      "statType": "tconstruct:head"
    },
    {
      "path": "tinkers_ingenuity:item/tool/blowpipe/broken_tube",
      "statType": "tconstruct:head"
    },
    {
      "path": "tinkers_ingenuity:item/tool/blowpipe/extra",
      "statType": "tconstruct:extra"
    },
    {
      "path": "tinkers_ingenuity:item/tool/blowpipe/mouthpiece",
      "statType": "tconstruct:handle"
    },
    {
      "path": "tinkers_ingenuity:item/tool/halberd/small_blade",
      "statType": "tconstruct:head"
    },
    {
      "path": "tinkers_ingenuity:item/tool/halberd/broken_small_blade",
      "statType": "tconstruct:head"
    },
    {
      "path": "tinkers_ingenuity:item/tool/halberd/tough_handle",
      "statType": "tconstruct:handle"
    },
    {
      "path": "tinkers_ingenuity:item/tool/halberd/tool_binding",
      "statType": "tconstruct:extra"
    },
    {
      "path": "tinkers_ingenuity:item/tool/halberd/large_plate",
      "statType": "tconstruct:extra"
    },
    {
      "path": "tinkers_ingenuity:item/tool/bigsickle/broad_blade",
      "statType": "tconstruct:head"
    },
    {
      "path": "tinkers_ingenuity:item/tool/bigsickle/broken_broad_blade",
      "statType": "tconstruct:head"
    },
    {
      "path": "tinkers_ingenuity:item/tool/bigsickle/tough_handle_2",
      "statType": "tconstruct:extra"
    },
    {
      "path": "tinkers_ingenuity:item/tool/bigsickle/large_plate",
      "statType": "tconstruct:extra"
    },
    {
      "path": "tinkers_ingenuity:item/tool/bigsickle/tough_handle_1",
      "statType": "tconstruct:handle"
    },
    {
      "path": "tinkers_ingenuity:item/tool/battleaxe/broad_axe_head_1",
      "statType": "tconstruct:head"
    },
    {
      "path": "tinkers_ingenuity:item/tool/battleaxe/broad_axe_head_2",
      "statType": "tconstruct:head"
    },
    {
      "path": "tinkers_ingenuity:item/tool/battleaxe/broken_broad_axe_head_2",
      "statType": "tconstruct:head"
    },
    {
      "path": "tinkers_ingenuity:item/tool/battleaxe/tough_handle",
      "statType": "tconstruct:handle"
    },
    {
      "path": "tinkers_ingenuity:item/tool/battleaxe/tool_binding",
      "statType": "tconstruct:extra"
    },
    {
      "path": "tinkers_ingenuity:item/tool/hammer/hammer_head",
      "statType": "tconstruct:head"
    },
    {
      "path": "tinkers_ingenuity:item/tool/hammer/small_blade",
      "statType": "tconstruct:extra"
    },
    {
      "path": "tinkers_ingenuity:item/tool/hammer/broken_small_blade",
      "statType": "tconstruct:head"
    },
    {
      "path": "tinkers_ingenuity:item/tool/hammer/large_plate",
      "statType": "tconstruct:extra"
    },
    {
      "path": "tinkers_ingenuity:item/tool/hammer/tough_handle",
      "statType": "tconstruct:handle"
    },
    {
      "path": "tinkers_ingenuity:item/tool/tube/tube",
      "statType": "tconstruct:head"
    },
    {
      "path": "tinkers_ingenuity:item/tool/mouthpiece/mouthpiece",
      "statType": "tconstruct:handle"
    },
    {
      "path": "tinkers_ingenuity:item/tool/bowieknife/small_blade",
      "statType": "tconstruct:head"
    },
    {
      "path": "tinkers_ingenuity:item/tool/bowieknife/broken_small_blade",
      "statType": "tconstruct:head"
    },
    {
      "path": "tinkers_ingenuity:item/tool/bowieknife/tool_binding",
      "statType": "tconstruct:extra"
    },
    {
      "path": "tinkers_ingenuity:item/tool/bowieknife/tool_handle",
      "statType": "tconstruct:handle"
    },
    {
      "path": "tinkers_ingenuity:item/tool/sign_plate/sign_plate",
      "statType": "tconstruct:head"
    },
    {
      "path": "tinkers_ingenuity:item/tool/battlesign/sign_plate",
      "statType": "tconstruct:head"
    },
    {
      "path": "tinkers_ingenuity:item/tool/battlesign/broken_sign_plate",
      "statType": "tconstruct:head"
    },
    {
      "path": "tinkers_ingenuity:item/tool/battlesign/tool_handle",
      "statType": "tconstruct:handle"
    },
    {
      "path": "tinkers_ingenuity:item/tool/blade/blade",
      "statType": "tconstruct:head"
    },
    {
      "path": "tinkers_ingenuity:item/tool/shuriken/blade_1",
      "statType": "tconstruct:head"
    },
    {
      "path": "tinkers_ingenuity:item/tool/shuriken/blade_2",
      "statType": "tconstruct:head"
    },
    {
      "path": "tinkers_ingenuity:item/tool/shuriken/blade_3",
      "statType": "tconstruct:head"
    },
    {
      "path": "tinkers_ingenuity:item/tool/shuriken/blade_4",
      "statType": "tconstruct:head"
    },
    {
      "path": "tinkers_ingenuity:item/tool/gscore/gscore",
      "statType": "tconstruct:extra"
    },
    {
      "path": "tinkers_ingenuity:item/tool/laser_medium/laser_medium",
      "statType": "tconstruct:extra"
    },
    {
      "path": "tinkers_ingenuity:item/tool/battery/battery",
      "statType": "tconstruct:extra"
    },
    {
      "path": "tinkers_ingenuity:item/tool/barrel/barrel",
      "statType": "tconstruct:head"
    },
    {
      "path": "tinkers_ingenuity:item/tool/laser_gun/barrel",
      "statType": "tconstruct:head"
    },
    {
      "path": "tinkers_ingenuity:item/tool/laser_gun/broken_barrel",
      "statType": "tconstruct:head"
    },
    {
      "path": "tinkers_ingenuity:item/tool/laser_gun/laser_medium",
      "statType": "tconstruct:extra"
    },
    {
      "path": "tinkers_ingenuity:item/tool/laser_gun/battery",
      "statType": "tconstruct:extra"
    },
    {
      "path": "tinkers_ingenuity:item/tool/laser_gun/tough_handle",
      "statType": "tconstruct:handle"
    },
    {
      "path": "tinkers_ingenuity:item/tool/greatsword/broad_blade_1",
      "statType": "tconstruct:head"
    },
    {
      "path": "tinkers_ingenuity:item/tool/greatsword/broad_blade_2",
      "statType": "tconstruct:head"
    },
    {
      "path": "tinkers_ingenuity:item/tool/greatsword/broken_broad_blade",
      "statType": "tconstruct:head"
    },
    {
      "path": "tinkers_ingenuity:item/tool/greatsword/gscore",
      "statType": "tconstruct:extra"
    },
    {
      "path": "tinkers_ingenuity:item/tool/greatsword/large_plate",
      "statType": "tconstruct:extra"
    },
    {
      "path": "tinkers_ingenuity:item/tool/greatsword/tough_handle",
      "statType": "tconstruct:handle"
    },
    {
      "path": "tinkers_ingenuity:item/tool/rapier/small_blade",
      "statType": "tconstruct:head"
    },
    {
      "path": "tinkers_ingenuity:item/tool/rapier/broken_small_blade",
      "statType": "tconstruct:head"
    },
    {
      "path": "tinkers_ingenuity:item/tool/rapier/large_plate",
      "statType": "tconstruct:extra"
    },
    {
      "path": "tinkers_ingenuity:item/tool/rapier/tool_handle",
      "statType": "tconstruct:handle"
    },
    {
      "path": "tinkers_ingenuity:item/tool/heavy_crossbow/limb",
      "statType": "tconstruct:limb"
    },
    {
      "path": "tinkers_ingenuity:item/tool/heavy_crossbow/extra_limb",
      "statType": "tconstruct:limb"
    },
    {
      "path": "tinkers_ingenuity:item/tool/heavy_crossbow/grip",
      "statType": "tconstruct:grip"
    },
    {
      "path": "tinkers_ingenuity:item/tool/heavy_crossbow/broken_bowstring",
      "statType": "tconstruct:bowstring"
    },
    {
      "path": "tinkers_ingenuity:item/tool/heavy_crossbow/bowstring",
      "statType": "tconstruct:bowstring"
    },
    {
      "path": "tinkers_ingenuity:item/tool/heavy_crossbow/bowstring_1",
      "statType": "tconstruct:bowstring"
    },
    {
      "path": "tinkers_ingenuity:item/tool/heavy_crossbow/bowstring_2",
      "statType": "tconstruct:bowstring"
    },
    {
      "path": "tinkers_ingenuity:item/tool/heavy_crossbow/bowstring_3",
      "statType": "tconstruct:bowstring"
    }
  ]
}