{
  "name": "test",
  "type": "default",
  "authors": [
    "ht"
  ],
  "tags": [
    "test"
  ],
  "pre_tick": 200,
  "win_tick": 400,
  "loss_tick": 100,
  "bar_color": "green",
  "sounds": {
    "pre_sound": "entity.creeper.hurt",
    "wave_sound": "entity.creeper.hurt",
    "win_sound": "entity.creeper.hurt",
    "loss_sound": "entity.creeper.hurt"
  },
  "placement": {
    "outer": {
      "min": 10,
      "max": 20
    }
  },
  "waves": [
  {
    "spawns": [{
      "entity_type": "cataclysm:nameless_sorcerer",
      "spawn_tick": 20,
      "spawn_amount": {
        "count": 3
      },
      "nbt": "{ArmorItems:[{id:\"minecraft:diamond_boots\",Count:1b},{id:\"minecraft:diamond_leggings\",Count:1b},{id:\"minecraft:diamond_chestplate\",Count:1b},{id:\"minecraft:diamond_helmet\",Count:1b}],CustomName:'{\"text\":\"快乐的小僵尸\"}', CustomNameVisible: 1}"
    }],
    "duration": 1000
  },
    {
      "spawns": [
	  {
        "entity_type": "skeleton",
        "spawn_tick": 10,
        "spawn_amount": {
          "count": 5
        },
        "placement": {
          "center": {
            "radius": 5,
            "ground": true
          }
        }
      },
        {
          "entity_type": "spider",
          "spawn_tick": 500,
          "spawn_amount": {
            "count": 1
          }
        }
      ],
      "duration": 1000
    }
  ],
  "rewards": {
    "advancements": {
      "experience": 10000
    }
  }
}
