{"credit":"Made with Blockbench","textures":{"0":"editenchanting:block/enchantment_edit_table_bottom","1":"editenchanting:block/enchantment_edit_table_side","3":"editenchanting:block/enchantment_edit_table_top","5":"editenchanting:block/float","particle":"editenchanting:block/enchantment_edit_table_side"},"elements":[{"from":[0,0,0],"to":[16,4,16],"faces":{"north":{"uv":[0,12,16,16],"texture":"#0"},"east":{"uv":[0,12,16,16],"texture":"#1"},"south":{"uv":[0,12,16,16],"texture":"#1"},"west":{"uv":[0,12,16,16],"texture":"#1"},"up":{"uv":[0,0,16,16],"texture":"#0"},"down":{"uv":[0,0,16,16],"texture":"#0"}}},{"from":[0.5,4,0.5],"to":[15.5,8,15.5],"faces":{"north":{"uv":[0.5,9,15.5,13],"texture":"#1"},"east":{"uv":[0.5,9,15.5,13],"texture":"#1"},"south":{"uv":[0.5,9,15.5,13],"texture":"#1"},"west":{"uv":[0.5,9,15.5,13],"texture":"#1"},"up":{"uv":[0.5,0.5,15.5,15.5],"texture":"#0"},"down":{"uv":[0.5,0.5,15.5,15.5],"texture":"#0"}}},{"from":[1.5,8,1.5],"to":[4,13,14.5],"faces":{"north":{"uv":[12,4,14.5,9],"texture":"#1"},"east":{"uv":[1.5,4,14.5,9],"texture":"#1"},"south":{"uv":[1.5,4,4,8],"texture":"#1"},"west":{"uv":[1.5,4,14.5,9],"texture":"#1"},"up":{"uv":[1.5,14,14.5,16],"rotation":90,"texture":"#3"},"down":{"uv":[0,0,2.5,13],"texture":"#missing"}}},{"from":[12,8,1.5],"to":[14.5,13,14.5],"faces":{"north":{"uv":[1.5,4,4,9],"texture":"#1"},"east":{"uv":[1.5,4,14.5,9],"texture":"#1"},"south":{"uv":[12,4,14.5,8],"texture":"#1"},"west":{"uv":[1.5,4,14.5,9],"texture":"#1"},"up":{"uv":[14.5,16,1.5,14],"rotation":90,"texture":"#3"},"down":{"uv":[0,0,2.5,13],"rotation":180,"texture":"#missing"}}},{"from":[4,8,1.5],"to":[12,13,4],"faces":{"north":{"uv":[5.5,4,10.5,9],"texture":"#1"},"east":{"uv":[0,0,2,5],"texture":"#missing"},"south":{"uv":[4,4,12,9],"texture":"#1"},"west":{"uv":[0,0,2,5],"texture":"#missing"},"up":{"uv":[12,16,4,14],"texture":"#3"},"down":{"uv":[0,0,8,2],"texture":"#missing"}}},{"from":[4,8,12],"to":[12,13,14.5],"faces":{"north":{"uv":[4,4,12,9],"texture":"#1"},"east":{"uv":[0,0,2,5],"texture":"#missing"},"south":{"uv":[4,4,12,9],"texture":"#1"},"west":{"uv":[0,0,2,5],"texture":"#missing"},"up":{"uv":[4,14,12,16],"texture":"#3"},"down":{"uv":[0,0,8,2],"texture":"#missing"}}},{"from":[4,11,3.5],"to":[12,12,12.5],"faces":{"north":{"uv":[4,3.5,12,12.5],"texture":"#3"},"east":{"uv":[4,3.5,12,12.5],"texture":"#3"},"south":{"uv":[4,3.5,12,12.5],"texture":"#3"},"west":{"uv":[4,3.5,12,12.5],"texture":"#3"},"up":{"uv":[4,3.5,12,12.5],"texture":"#3"},"down":{"uv":[4,3.5,12,12.5],"texture":"#3"}}},{"from":[0.25,11,0.5],"to":[2.75,14,3],"faces":{"north":{"uv":[2.5,4,0,7],"texture":"#1"},"east":{"uv":[0,4,2.5,7],"texture":"#1"},"south":{"uv":[2.5,4,0,7],"texture":"#1"},"west":{"uv":[0,4,2.5,7],"texture":"#1"},"up":{"uv":[0,4,2.5,6.5],"texture":"#1"},"down":{"uv":[0,6.5,2.5,4],"texture":"#1"}}},{"from":[13.25,11,13],"to":[15.75,14,15.5],"faces":{"north":{"uv":[2.5,4,0,7],"texture":"#1"},"east":{"uv":[0,4,2.5,7],"texture":"#1"},"south":{"uv":[2.5,4,0,7],"texture":"#1"},"west":{"uv":[0,4,2.5,7],"texture":"#1"},"up":{"uv":[2.5,6.5,0,4],"texture":"#1"},"down":{"uv":[2.5,4,0,6.5],"texture":"#1"}}},{"from":[13.25,11,0.5],"to":[15.75,14,3],"faces":{"north":{"uv":[0,4,2.5,7],"texture":"#1"},"east":{"uv":[2.5,4,0,7],"texture":"#1"},"south":{"uv":[0,4,2.5,7],"texture":"#1"},"west":{"uv":[2.5,4,0,7],"texture":"#1"},"up":{"uv":[2.5,4,0,6.5],"texture":"#1"},"down":{"uv":[2.5,6.5,0,4],"texture":"#1"}}},{"from":[0.25,11,13],"to":[2.75,14,15.5],"faces":{"north":{"uv":[0,4,2.5,7],"texture":"#1"},"east":{"uv":[2.5,4,0,7],"texture":"#1"},"south":{"uv":[0,4,2.5,7],"texture":"#1"},"west":{"uv":[2.5,4,0,7],"texture":"#1"},"up":{"uv":[0,6.5,2.5,4],"texture":"#1"},"down":{"uv":[0,4,2.5,6.5],"texture":"#1"}}},{"from":[0,19,-3],"to":[1,22,-2],"faces":{"north":{"uv":[7,6,8,9],"texture":"#5"},"east":{"uv":[7,6,8,9],"texture":"#5"},"south":{"uv":[7,6,8,9],"texture":"#5"},"west":{"uv":[7,6,8,9],"texture":"#5"},"up":{"uv":[7,6,8,7],"texture":"#5"},"down":{"uv":[8,8,7,9],"texture":"#5"}}},{"from":[5,17,18],"to":[6,20,19],"faces":{"north":{"uv":[7,6,8,9],"texture":"#5"},"east":{"uv":[7,6,8,9],"texture":"#5"},"south":{"uv":[7,6,8,9],"texture":"#5"},"west":{"uv":[7,6,8,9],"texture":"#5"},"up":{"uv":[7,6,8,7],"texture":"#5"},"down":{"uv":[7,8,8,9],"texture":"#5"}}},{"from":[19,19,12],"to":[20,22,13],"faces":{"north":{"uv":[7,6,8,9],"texture":"#5"},"east":{"uv":[7,6,8,9],"texture":"#5"},"south":{"uv":[7,6,8,9],"texture":"#5"},"west":{"uv":[7,6,8,9],"texture":"#5"},"up":{"uv":[7,6,8,7],"texture":"#5"},"down":{"uv":[7,7,8,8],"texture":"#5"}}},{"from":[-1,18,13],"to":[0,21,14],"faces":{"north":{"uv":[7,6,8,9],"texture":"#5"},"east":{"uv":[7,6,8,9],"texture":"#5"},"south":{"uv":[7,6,8,9],"texture":"#5"},"west":{"uv":[7,6,8,9],"texture":"#5"},"up":{"uv":[7,6,8,7],"texture":"#5"},"down":{"uv":[7,8,8,9],"texture":"#5"}}},{"from":[-1,17,8],"to":[0,19,9],"faces":{"north":{"uv":[7,6,8,8],"texture":"#5"},"east":{"uv":[7,6,8,8],"texture":"#5"},"south":{"uv":[7,6,8,8],"texture":"#5"},"west":{"uv":[7,6,8,8],"texture":"#5"},"up":{"uv":[7,6,8,7],"texture":"#5"},"down":{"uv":[7,8,8,9],"texture":"#5"}}},{"from":[-2,23,5],"to":[-1,25,6],"faces":{"north":{"uv":[7,6,8,8],"texture":"#5"},"east":{"uv":[7,6,8,8],"texture":"#5"},"south":{"uv":[7,6,8,8],"texture":"#5"},"west":{"uv":[7,6,8,8],"texture":"#5"},"up":{"uv":[7,6,8,7],"texture":"#5"},"down":{"uv":[7,8,8,9],"texture":"#5"}}},{"from":[18,16,7],"to":[19,18,8],"faces":{"north":{"uv":[8,6,7,8],"texture":"#5"},"east":{"uv":[8,6,7,8],"texture":"#5"},"south":{"uv":[8,6,7,8],"texture":"#5"},"west":{"uv":[8,6,7,8],"texture":"#5"},"up":{"uv":[8,6,7,7],"texture":"#5"},"down":{"uv":[8,7,7,9],"texture":"#5"}}},{"from":[16,17,17],"to":[17,19,18],"faces":{"north":{"uv":[7,6,8,8],"texture":"#5"},"east":{"uv":[7,6,8,8],"texture":"#5"},"south":{"uv":[7,6,8,8],"texture":"#5"},"west":{"uv":[7,6,8,8],"texture":"#5"},"up":{"uv":[7,6,8,7],"texture":"#5"},"down":{"uv":[7,8,8,9],"texture":"#5"}}},{"from":[8,18,-1],"to":[9,20,0],"faces":{"north":{"uv":[7,6,8,8],"texture":"#5"},"east":{"uv":[7,6,8,8],"texture":"#5"},"south":{"uv":[7,6,8,8],"texture":"#5"},"west":{"uv":[7,6,8,8],"texture":"#5"},"up":{"uv":[7,6,8,7],"texture":"#5"},"down":{"uv":[7,8,8,9],"texture":"#5"}}},{"from":[8,15,16],"to":[9,17,17],"faces":{"north":{"uv":[7,6,8,8],"texture":"#5"},"east":{"uv":[7,6,8,8],"texture":"#5"},"south":{"uv":[7,6,8,8],"texture":"#5"},"west":{"uv":[7,6,8,8],"texture":"#5"},"up":{"uv":[7,6,8,7],"texture":"#5"},"down":{"uv":[7,8,8,9],"texture":"#5"}}},{"from":[15,17,-3],"to":[16,20,-2],"faces":{"north":{"uv":[7,6,8,9],"texture":"#5"},"east":{"uv":[7,6,8,9],"texture":"#5"},"south":{"uv":[7,6,8,9],"texture":"#5"},"west":{"uv":[7,6,8,9],"texture":"#5"},"up":{"uv":[7,6,8,7],"texture":"#5"},"down":{"uv":[7,8,8,9],"texture":"#5"}}}],"display":{"thirdperson_righthand":{"rotation":[75,45,0],"translation":[0,2.5,0],"scale":[0.375,0.375,0.375]},"thirdperson_lefthand":{"rotation":[75,45,0],"translation":[0,2.5,0],"scale":[0.375,0.375,0.375]},"firstperson_righthand":{"rotation":[0,45,0],"scale":[0.4,0.4,0.4]},"firstperson_lefthand":{"rotation":[0,225,0],"scale":[0.4,0.4,0.4]},"ground":{"translation":[0,3,0],"scale":[0.25,0.25,0.25]},"gui":{"rotation":[30,225,0],"scale":[0.625,0.625,0.625]},"fixed":{"scale":[0.5,0.5,0.5]}},"groups":[{"name":"底座","origin":[8,8,8],"color":0,"nbt":"{}","children":[0,1,2,3,4,5,6]},{"name":"钻石","origin":[0,0,0],"color":0,"nbt":"{}","children":[7,8,9,10]},{"name":"漂浮","origin":[8,8,8],"color":0,"nbt":"{}","children":[11,12,13,14,15,16,17,18,19,20,21]}]}