{
  "modifier.tinkers_ingenuity": {
    "chivalrous": "#deb4cc",
    "knight_glory": "#deb4cc",
    "slime_prince": "#fff495",
    "meadow": "#60ff9e",
    "crystalline": "#79f2e9",
    "puncture": "#3f3f3f",
    "sundering": "#ffe800",
    "aftershock": "#ffe800",
    "sunshine": "#ffe800",
    "red_heart": "#ff5100",
    "exquisite": "#ff5100",
    "poseidon": "#98d1ff",
    "bloody_mary": "#bb1d28",
    "traveller": "#00fff6",
    "flying": "#00fff6",
    "ender_man": "#7000ff",
    "final_land": "#7000ff",
    "soul_devouring": "#5a00c8",
    "leveraging": "#b8b0f5",
    "fleet_of_feet": "#b8b0f5",
    "rebirth": "#8c00ff",
    "sharing_pain": "#8c00ff",
    "relentless": "#8820e2",
    "mortal_wound": "#8820e2",
    "impact": "#e75382",
    "culling": "#e75382",
    "scorching": "#893301",
    "staggering": "#d9cdff",
    "death_blow": "#d9cdff",
    "luminescence": "#87ffe1",
    "brilliant": "#87ffe1",
    "moon_light": "#87ffe1",
    "body": "#db00f8",
    "soul": "#db00f8",
    "inherit": "#db00f8",
    "impolite": "#88fcef",
    "rage": "#88fcef",
    "territoral_sky": "#94f6fb",
    "fragile": "#94f6fb",
    "fire_stained": "#fc9200",
    "anger": "#d91b30",
    "blood_bound": "#d91b30",
    "divine_grace_ode": "#e1c9f7",
    "sea_dream": "#e1c9f7",
    "rippling": "#e1c9f7",
    "firefly": "#e1c9f7",
    "star_blessing": "#e1c9f7",
    "revolt": "#7554f9",
    "fan_flames": "#7554f9",
    "sun_blade": "#ffd600",
    "sin_root": "#b4f0d0",
    "strength_will": "#b4f0d0",
    "sprite_of_gaia": "#b4f0d0",
    "gaia_wrath": "#b4f0d0",
    "sniper": "#05ffec",
    "bow_light": "#05ffec",
    "epidemic": "#4d0275",
    "mucus_devour": "#87ff74",
    "mucus_rebirth": "#87ff74"
  },
  "material.tinkers_ingenuity": {
    "knight_crystal_material": "#deb4cc",
    "leaf_green_material": "#60ff9e",
    "blood_steel_material": "#bb1d28",
    "ocean_alloy_material": "#98d1ff",
    "shine_alloy_material": "#ffe800",
    "shine_gold_material": "#ffe800",
    "prince_slime_material": "#fff495",
    "auroral_alloy_material": "#87ffe1",
    "red_maple_material": "#ff5100",
    "simir_material": "#b8b0f5",
    "twilight_material": "#7554f9",
    "gleiter_material": "#5a00c8",
    "sunlit_material": "#ffd600",
    "crystal_matrix_material": "#79f2e9",
    "neutronium_material": "#3f3f3f",
    "etherium_material": "#00fff6",
    "evil_material": "#7000ff",
    "lightning_steel_material": "#3D0D56",
    "ice_steel_material": "#789295",
    "fire_steel_material": "#4B4757",
    "lefigaro_material": "#e75382",
    "labolas_material": "#8820e2",
    "zesley_material": "#88fcef",
    "blue_sky_material": "#94f6fb",
    "glasya_material": "#d9cdff",
    "gaia_material": "#b4f0d0",
    "crocell_material": "#8f9ba3",
    "ignitium_material": "#893301",
    "teslin_alloy_material": "#fff8fa",
    "sea_dream_material": "#e1c9f7",
    "xuan_ming_material": "#8c00ff",
    "dragon_bone": "#a8a39b",
    "anglers_fang": "#e5e5e5"
  },
  "harvest_tier.tinkers_ingenuity": {
    "sea_dream": "#e0c8f6"
  }
}