{
  "parent": "minecraft:recipes/root",
  "rewards": {
    "recipes": [
      "tconstruct:tables/modifier_worktable"
    ]
  },
  "criteria": {
    "has_item": {
      "trigger": "minecraft:inventory_changed",
      "conditions": {
        "items": [
          {
            "tag": "tconstruct:seared_blocks"
          }
        ]
      }
    },
    "has_the_recipe": {
      "trigger": "minecraft:recipe_unlocked",
      "conditions": {
        "recipe": "tconstruct:tables/modifier_worktable"
      }
    }
  },
  "requirements": [
    [
      "has_item",
      "has_the_recipe"
    ]
  ]
}