{
  "stats": {
    "tinkers_ingenuity:trim": {},
    "tinkers_ingenuity:mail": {
      "durability": 0.8,
      "armor": 0.95,
      "movementSpeed": 1.1
    },
    "tinkers_ingenuity:plate": {
      "durability": 466,
      "armor": 10.0,
      "toughness": 1.0,
      "knockbackResistance": 0.1,
      "movementSpeed": 0.0625
    },
    "tconstruct:extra": {},
    "tconstruct:handle": {
      "durability": 0.85,
      "miningSpeed": 1.0,
      "attackSpeed": 1.0,
      "attackDamage": 1.1
    },
    "tconstruct:head": {
      "durability": 85,
      "miningSpeed": 3.5,
      "harvestTier": "minecraft:stone",
      "attack": 1.25
    }
  }
}