{
  "parent": "minecraft:recipes/root",
  "rewards": {
    "recipes": [
      "tconstruct:common/cheese_block_from_ingot"
    ]
  },
  "criteria": {
    "has_cheese": {
      "trigger": "minecraft:inventory_changed",
      "conditions": {
        "items": [
          {
            "items": [
              "tconstruct:cheese_ingot"
            ]
          }
        ]
      }
    },
    "has_the_recipe": {
      "trigger": "minecraft:recipe_unlocked",
      "conditions": {
        "recipe": "tconstruct:common/cheese_block_from_ingot"
      }
    }
  },
  "requirements": [
    [
      "has_cheese",
      "has_the_recipe"
    ]
  ]
}