{
  "type": "integrated_api:underground_structure",
  "config": {
    "start_pool": "idas:underground_camp/underground_camp",
    "size": 1,
    "set_fixed_y_spawn": 20,
    "do_not_use_heightmap": true,
    "structure_set_avoid_radius_check": 2,
    "structure_set_to_avoid": [
      "minecraft:strongholds",
      "idas:ancient_mines",
      "idas:labyrinth",
      "idas:sunken_ship/sunken_ship",
      "idas:sunken_ship/sunken_ship_coral",
      "idas:ancient_portal",
      "quark:mega_dungeon",
      "betterdungeons:zombie_dungeon",
      "betterdungeons:small_dungeon",
      "betterdungeons:spider_dungeon",
      "betterdungeons:skeleton_dungeon"
    ]
  },
  "biomes": "#idas:has_structure/ancient_portal_biomes",
  "adapt_noise": true,
  "spawn_overrides": {
    "monster": {
      "bounding_box": "piece",
      "spawns": [
        {
          "type": "quark:wraith",
          "weight": 1,
          "minCount": 1,
          "maxCount": 1
        }
      ]
    }
  }
}