{
  "loader": "tconstruct:tool",
  "parent": "tconstruct:item/base/crossbow",
  "textures": {
    "limb": "tinkers_ingenuity:item/tool/heavy_crossbow/limb",
    "extra_limb": "tinkers_ingenuity:item/tool/heavy_crossbow/extra_limb",
    "grip": "tinkers_ingenuity:item/tool/heavy_crossbow/grip",
    "bowstring": "tinkers_ingenuity:item/tool/heavy_crossbow/bowstring_1"
  },
  "parts": [
    {
      "name": "limb",
      "index": 0
    },
    {
      "name": "extra_limb",
      "index": 1
    },
    {
      "name": "grip",
      "index": 2
    },
    {
      "name": "bowstring",
      "index": 3
    }
  ]
}
