[
  {
    "name": "materials_armor_1",
    "extraData": { "tconstruct:material_tier": { "type": "tinkers_ingenuity:armor", "tier": 1, "detailed": true }},
    "requirements": [ "tconstruct:tools/materials_and_you" ],
    "hideWhenLocked": true,
    "icon": {
      "item": "minecraft:flint"
    }
  },
  {
    "name": "materials_armor_2",
    "extraData": { "tconstruct:material_tier": { "type": "tinkers_ingenuity:armor", "tier": 2, "detailed": true }},
    "requirements": [ "tconstruct:smeltery/puny_smelting" ],
    "hideWhenLocked": true,
    "icon": {
      "item": "tconstruct:bloodbone"
    }
  },
  {
    "name": "materials_armor_3",
    "extraData": { "tconstruct:material_tier": { "type": "tinkers_ingenuity:armor", "tier": 3, "detailed": true }},
    "requirements": [ "tconstruct:smeltery/mighty_smelting" ],
    "hideWhenLocked": true,
    "icon": {
      "item": "tconstruct:amethyst_bronze_ingot"
    }
  },
  {
    "name": "materials_armor_4",
    "extraData": { "tconstruct:material_tier": { "type": "tinkers_ingenuity:armor", "tier": 4, "detailed": true }},
    "requirements": [ "tconstruct:foundry/fantastic_foundry" ],
    "hideWhenLocked": true,
    "icon": {
      "item": "tconstruct:cobalt_ingot"
    }
  },
  {
    "name": "materials_harvest_1",
    "extraData": { "tconstruct:material_tier": { "type": "tconstruct:melee_harvest", "tier": 1, "detailed": true }},
    "requirements": [ "tconstruct:tools/materials_and_you" ],
    "hideWhenLocked": true,
    "icon": {
      "item": "minecraft:stone"
    }
  },
  {
    "name": "materials_harvest_2",
    "extraData": { "tconstruct:material_tier": { "type": "tconstruct:melee_harvest", "tier": 2, "detailed": true }},
    "requirements": [ "tconstruct:smeltery/puny_smelting" ],
    "hideWhenLocked": true,
    "icon": {
      "item": "tconstruct:seared_brick"
    }
  },
  {
    "name": "materials_harvest_3",
    "extraData": { "tconstruct:material_tier": { "type": "tconstruct:melee_harvest", "tier": 3, "detailed": true }},
    "requirements": [ "tconstruct:smeltery/mighty_smelting" ],
    "hideWhenLocked": true,
    "icon": {
      "item": "tconstruct:slimesteel_ingot"
    }
  },
  {
    "name": "materials_harvest_4",
    "extraData": { "tconstruct:material_tier": { "type": "tconstruct:melee_harvest", "tier": 4, "detailed": true }},
    "requirements": [ "tconstruct:foundry/fantastic_foundry" ],
    "hideWhenLocked": true,
    "icon": {
      "item": "tconstruct:manyullyn_ingot"
    }
  },
  {
    "name": "materials_ranged_1",
    "extraData": { "tconstruct:material_tier": { "type": "tconstruct:ranged", "tier": 1, "detailed": true }},
    "requirements": [ "tconstruct:tools/materials_and_you" ],
    "hideWhenLocked": true,
    "icon": {
      "item": "minecraft:bamboo"
    }
  },
  {
    "name": "materials_ranged_2",
    "extraData": { "tconstruct:material_tier": { "type": "tconstruct:ranged", "tier": 2, "detailed": true }},
    "requirements": [ "tconstruct:smeltery/puny_smelting" ],
    "hideWhenLocked": true,
    "icon": {
      "item": "minecraft:iron_ingot"
    }
  },
  {
    "name": "materials_ranged_3",
    "extraData": { "tconstruct:material_tier": { "type": "tconstruct:ranged", "tier": 3, "detailed": true }},
    "requirements": [ "tconstruct:smeltery/mighty_smelting" ],
    "hideWhenLocked": true,
    "icon": {
      "item": "tconstruct:nahuatl"
    }
  },
  {
    "name": "materials_ranged_4",
    "extraData": { "tconstruct:material_tier": { "type": "tconstruct:ranged", "tier": 4, "detailed": true }},
    "requirements": [ "tconstruct:foundry/fantastic_foundry" ],
    "hideWhenLocked": true,
    "icon": {
      "item": "tconstruct:hepatizon_ingot"
    }
  }
]
