{
  "parent": "idas:idas_root",
  "display": {
    "icon": {
      "item": "minecraft:flint_and_steel"
    },
    "title": {
      "translate": "The Nexus"
    },
    "description": {
      "translate": "The Gateway to Multiple Realities"
    },
    "show_toast": true,
    "announce_to_chat": true,
    "frame": "challenge",
    "hidden": false
  },
  "rewards": {
    "experience": 100
  },
  "criteria": {
    "in_nexus": {
      "trigger": "minecraft:location",
      "conditions": {
        "feature": "idas:nexus"
      }
    }
  },
  "requirements": [
    [
      "in_nexus"
    ]
  ]
}