{
  "fallbacks": [
    "metal"
  ],
  "color": "94f6fb",
  "luminosity": 15,
  "generator": {
    "transformer": {
      "type": "tconstruct:recolor_sprite",
      "color_mapping": {
        "type": "tconstruct:grey_to_color",
        "palette": [
          {
            "grey": 0,
            "color": "FF000000"
          },
          {
            "grey": 63,
            "color": "FF408792"
          },
          {
            "grey": 102,
            "color": "FF408792"
          },
          {
            "grey": 140,
            "color": "FF7ae2e7"
          },
          {
            "grey": 178,
            "color": "FF7ae2e7"
          },
          {
            "grey": 216,
            "color": "FF7ae2e7"
          },
          {
            "grey": 255,
            "color": "FFb7fbff"
          }
        ]
      }
    },
    "supportedStats": [
      "tconstruct:head",
      "tconstruct:handle",
      "tconstruct:extra",
      "tconstruct:repair_kit",
      "tconstruct:limb",
      "tconstruct:grip",
      "tconstruct:plate"
    ],
    "ignoreMaterialStats": false
  }
}