{
  "fallbacks": [
    "bone"
  ],
  "color": "a8a39b",
  "luminosity": 2,
  "generator": {
    "transformer": {
      "type": "tconstruct:recolor_sprite",
      "color_mapping": {
        "type": "tconstruct:grey_to_color",
        "palette": [
          {
            "grey": 0,
            "color": "FF000000"
          },
          {
            "grey": 63,
            "color": "FF4a4c3f"
          },
          {
            "grey": 102,
            "color": "FF4a4c3f"
          },
          {
            "grey": 140,
            "color": "FFa8a39b"
          },
          {
            "grey": 178,
            "color": "FF969083"
          },
          {
            "grey": 216,
            "color": "FFa8a39b"
          },
          {
            "grey": 255,
            "color": "FFa8a39b"
          }
        ]
      }
    },
    "supportedStats": [
    ],
    "ignoreMaterialStats": false
  }
}