{
  "fallbacks": [
    "metal"
  ],
  "color": "2ca8af",
  "luminosity": 15,
  "generator": {
    "transformer": {
      "type": "tconstruct:recolor_sprite",
      "color_mapping": {
        "type": "tconstruct:grey_to_color",
        "palette": [
          {
            "grey": 0,
            "color": "FF000000"
          },
          {
            "grey": 63,
            "color": "FF011d37"
          },
          {
            "grey": 102,
            "color": "FF011d37"
          },
          {
            "grey": 140,
            "color": "FF2ca8af"
          },
          {
            "grey": 178,
            "color": "FF2ca8af"
          },
          {
            "grey": 216,
            "color": "FF2ca8af"
          },
          {
            "grey": 255,
            "color": "FF76f0e5"
          }
        ]
      }
    },
    "supportedStats": [
      "tconstruct:head",
      "tconstruct:handle",
      "tconstruct:extra",
      "tconstruct:repair_kit",
      "tconstruct:limb",
      "tconstruct:grip",
      "tconstruct:plate"
    ],
    "ignoreMaterialStats": false
  }
}