{
  "fallbacks": [
    "metal"
  ],
  "color": "b4f0d0",
  "luminosity": 2,
  "generator": {
    "transformer": {
      "type": "tconstruct:recolor_sprite",
      "color_mapping": {
        "type": "tconstruct:grey_to_color",
        "palette": [
          {
            "grey": 0,
            "color": "FF000000"
          },
          {
            "grey": 63,
            "color": "FF618271"
          },
          {
            "grey": 102,
            "color": "FF618271"
          },
          {
            "grey": 140,
            "color": "FF94c6ac"
          },
          {
            "grey": 178,
            "color": "FF94c6ac"
          },
          {
            "grey": 216,
            "color": "FF94c6ac"
          },
          {
            "grey": 255,
            "color": "FFb1edcd"
          }
        ]
      }
    },
    "supportedStats": [
      "tconstruct:head",
      "tconstruct:handle",
      "tconstruct:extra",
      "tconstruct:repair_kit",
      "tconstruct:limb",
      "tconstruct:grip",
      "tconstruct:plate"
    ],
    "ignoreMaterialStats": false
  }
}