{
  "fallbacks": [
    "metal",
    "bone"
  ],
  "color": "9700f4",
  "luminosity": 2,
  "generator": {
    "transformer": {
      "type": "tconstruct:recolor_sprite",
      "color_mapping": {
        "type": "tconstruct:grey_to_color",
        "palette": [
          {
            "grey": 0,
            "color": "FF000000"
          },
          {
            "grey": 63,
            "color": "FF250086"
          },
          {
            "grey": 102,
            "color": "FF250086"
          },
          {
            "grey": 140,
            "color": "FFaf00ff"
          },
          {
            "grey": 178,
            "color": "FFaf00ff"
          },
          {
            "grey": 216,
            "color": "FFaf00ff"
          },
          {
            "grey": 255,
            "color": "FFd600ff"
          }
        ]
      }
    },
    "supportedStats": [
      "tconstruct:head",
      "tconstruct:handle",
      "tconstruct:extra",
      "tconstruct:repair_kit",
      "tconstruct:limb",
      "tconstruct:grip",
      "tconstruct:plate"
    ],
    "ignoreMaterialStats": false
  }
}