{
  "fallbacks": [
    "metal"
  ],
  "color": "FFFFFF",
  "luminosity": 15,
  "generator": {
    "transformer": {
      "type": "tconstruct:grey_to_sprite",
      "palette": [
        {
          "grey": 0,
          "color": "FF000000"
        },
        {
          "grey": 63,
          "path": "tinkers_ingenuity:generator/infinity_loop_dark"
        },
        {
          "grey": 178,
          "path": "tinkers_ingenuity:generator/infinity_loop_medium"
        },
        {
          "grey": 255,
          "path": "tinkers_ingenuity:generator/infinity_loop_light"
        }
      ]
    },
    "supportedStats": [
      "tconstruct:head",
      "tconstruct:handle",
      "tconstruct:extra",
      "tconstruct:repair_kit",
      "tconstruct:limb",
      "tconstruct:grip"
    ],
    "ignoreMaterialStats": false
  }
}