{
  "fallbacks": [
    "metal"
  ],
  "color": "3F3F3F",
  "luminosity": 0,
  "generator": {
    "transformer": {
      "type": "tconstruct:grey_to_sprite",
      "palette": [
        {
          "grey": 0,
          "color": "FF000000"
        },
        {
          "grey": 63,
          "path": "tinkers_ingenuity:generator/neutronium_outline"
        },
        {
          "grey": 102,
          "path": "tinkers_ingenuity:generator/neutronium_outline"
        },
        {
          "grey": 140,
          "color": "FF5B5B5B"
        },
        {
          "grey": 178,
          "color": "FF444444"
        },
        {
          "grey": 216,
          "color": "FF303030"
        },
        {
          "grey": 255,
          "color": "FF000000"
        }
      ]
    },
    "supportedStats": [
      "tconstruct:head",
      "tconstruct:handle",
      "tconstruct:extra",
      "tconstruct:repair_kit",
      "tconstruct:limb",
      "tconstruct:grip",
      "tconstruct:plate"
    ],
    "ignoreMaterialStats": false
  }
}