{
  "loader": "tconstruct:tool",
  "parent": "forge:item/default-tool",
  "textures": {
    "broad_axe_head_2": "tinkers_ingenuity:item/tool/battleaxe/broad_axe_head_2",
    "broad_axe_head_1": "tinkers_ingenuity:item/tool/battleaxe/broad_axe_head_1",
    "broken_broad_axe_head_2": "tinkers_ingenuity:item/tool/battleaxe/broken_broad_axe_head_2",
    "tough_handle": "tinkers_ingenuity:item/tool/battleaxe/tough_handle",
    "tool_binding": "tinkers_ingenuity:item/tool/battleaxe/tool_binding",
    "large_broad_axe_head_2": "tinkers_ingenuity:item/tool/battleaxe/broad_axe_head_2",
    "large_broad_axe_head_1": "tinkers_ingenuity:item/tool/battleaxe/broad_axe_head_1",
    "large_broken_broad_axe_head_2": "tinkers_ingenuity:item/tool/battleaxe/broken_broad_axe_head_2",
    "large_tough_handle": "tinkers_ingenuity:item/tool/battleaxe/tough_handle",
    "large_tool_binding": "tinkers_ingenuity:item/tool/battleaxe/tool_binding"
  },
  "modifier_roots": {
    "small": [
      "tinkers_ingenuity:item/tool/battleaxe/modifiers/"
    ],
    "large": [
      "tinkers_ingenuity:item/tool/battleaxe/modifiers/"
    ]
  },
  "parts": [
    {
      "name": "broad_axe_head_2",
      "index": 0,
      "broken": "broken_broad_axe_head_2"
    },
    {
      "name": "broad_axe_head_1",
      "index": 2
    },
    {
      "name": "tough_handle",
      "index": 1
    },
    {
      "name": "tool_binding",
      "index": 3
    }
  ],
  "large": true,
  "large_offset": [
    2,
    -2
  ],
  "overrides": [
    {
      "predicate": {
        "tconstruct:charging": 2
      },
      "model": "tinkers_ingenuity:item/blocking/battleaxe"
    }
  ]
}