{
  "loader": "tconstruct:tool",
  "parent": "forge:item/default-tool",
  "textures": {
    "sign_plate": "tinkers_ingenuity:item/tool/battlesign/sign_plate",
    "broken_sign_plate": "tinkers_ingenuity:item/tool/battlesign/broken_sign_plate",
    "tool_handle": "tinkers_ingenuity:item/tool/battlesign/tool_handle"
  },
  "parts": [
    {
      "name": "sign_plate",
      "index": 0,
      "broken": "broken_sign_plate"
    },
    {
      "name": "tool_handle",
      "index": 1
    }
  ],
  "display": {
    "thirdperson_righthand": {
      "rotation": [
        0,
        0,
        0
      ],
      "translation": [
        0,
        4.0,
        2.5
      ],
      "scale": [
        1,
        1,
        1
      ]
    },
    "thirdperson_lefthand": {
      "rotation": [
        0,
        0,
        0
      ],
      "translation": [
        0,
        4.0,
        2.5
      ],
      "scale": [
        1,
        1,
        1
      ]
    },
    "firstperson_righthand": {
      "rotation": [
        0,
        0,
        -5
      ],
      "translation": [
        0,
        -2,
        0.8
      ],
      "scale": [
        1,
        1,
        1
      ]
    },
    "firstperson_lefthand": {
      "rotation": [
        0,
        0,
        -5
      ],
      "translation": [
        0,
        -2,
        -0.8
      ],
      "scale": [
        1,
        1,
        1
      ]
    }
  },
  "overrides": [
    {
      "predicate": {
        "tconstruct:charging": 2
      },
      "model": "tinkers_ingenuity:item/blocking/battlesign"
    }
  ]
}