{
  "loader": "tconstruct:tool",
  "parent": "forge:item/default-tool",
  "textures": {
    "broad_blade": "tinkers_ingenuity:item/tool/bigsickle/broad_blade",
    "broken_broad_blade": "tinkers_ingenuity:item/tool/bigsickle/broken_broad_blade",
    "tough_handle_1": "tinkers_ingenuity:item/tool/bigsickle/tough_handle_1",
    "large_plate": "tinkers_ingenuity:item/tool/bigsickle/large_plate",
    "tough_handle_2": "tinkers_ingenuity:item/tool/bigsickle/tough_handle_2"
  },
  "modifier_roots": [
    "tinkers_ingenuity:item/tool/bigsickle/modifiers/"
  ],
  "parts": [
    {
      "name": "broad_blade",
      "index": 0,
      "broken": "broken_broad_blade"
    },
    {
      "name": "tough_handle_1",
      "index": 1
    },
    {
      "name": "large_plate",
      "index": 2
    },
    {
      "name": "tough_handle_2",
      "index": 3
    }
  ],
  "overrides": [
    {
      "predicate": {
        "tconstruct:charging": 2
      },
      "model": "tinkers_ingenuity:item/blocking/bigsickle"
    }
  ]
}