{
  "loader": "tconstruct:tool",
  "parent": "forge:item/default-tool",
  "textures": {
    "tube": "tinkers_ingenuity:item/tool/blowpipe/tube",
    "broken_tube": "tinkers_ingenuity:item/tool/blowpipe/broken_tube",
    "mouthpiece": "tinkers_ingenuity:item/tool/blowpipe/mouthpiece",
    "extra": "tinkers_ingenuity:item/tool/blowpipe/extra"
  },
  "modifier_roots": [
    "tinkers_ingenuity:item/tool/blowpipe/modifiers/"
  ],
  "parts": [
    {
      "name": "tube",
      "index": 0,
      "broken": "broken_tube"
    },
    {
      "name": "mouthpiece",
      "index": 2
    },
    {
      "name": "extra",
      "index": 1
    }
  ],
  "overrides": [
    {
      "predicate": {
        "tconstruct:charging": 2
      },
      "model": "tinkers_ingenuity:item/blocking/blowpipe"
    }
  ]
}