{
  "loader": "tconstruct:tool",
  "parent": "forge:item/default-tool",
  "textures": {
    "small_blade": "tinkers_ingenuity:item/tool/bowieknife/small_blade",
    "broken_small_blade": "tinkers_ingenuity:item/tool/bowieknife/broken_small_blade",
    "tool_binding": "tinkers_ingenuity:item/tool/bowieknife/tool_binding",
    "tool_handle": "tinkers_ingenuity:item/tool/bowieknife/tool_handle"
  },
  "modifier_roots": [
    "tinkers_ingenuity:item/tool/bowieknife/modifiers/"
  ],
  "parts": [
    {
      "name": "small_blade",
      "index": 0,
      "broken": "broken_small_blade"
    },
    {
      "name": "tool_binding",
      "index": 2
    },
    {
      "name": "tool_handle",
      "index": 1
    }
  ],
  "overrides": [
    {
      "predicate": {
        "tconstruct:charging": 2
      },
      "model": "tinkers_ingenuity:item/blocking/bowieknife"
    }
  ]
}