{
  "loader": "tconstruct:tool",
  "parent": "forge:item/default-tool",
  "textures": {
    "broad_blade_2": "tinkers_ingenuity:item/tool/greatsword/broad_blade_2",
    "broken_broad_blade": "tinkers_ingenuity:item/tool/greatsword/broken_broad_blade",
    "broad_blade_1": "tinkers_ingenuity:item/tool/greatsword/broad_blade_1",
    "gscore": "tinkers_ingenuity:item/tool/greatsword/gscore",
    "large_plate": "tinkers_ingenuity:item/tool/greatsword/large_plate",
    "tough_handle": "tinkers_ingenuity:item/tool/greatsword/tough_handle",
    "large_broad_blade_2": "tinkers_ingenuity:item/tool/greatsword/broad_blade_2",
    "large_broken_broad_blade": "tinkers_ingenuity:item/tool/greatsword/broken_broad_blade",
    "large_broad_blade_1": "tinkers_ingenuity:item/tool/greatsword/broad_blade_1",
    "large_gscore": "tinkers_ingenuity:item/tool/greatsword/gscore",
    "large_large_plate": "tinkers_ingenuity:item/tool/greatsword/large_plate",
    "large_tough_handle": "tinkers_ingenuity:item/tool/greatsword/tough_handle"
  },
  "modifier_roots": {
    "small": [
      "tinkers_ingenuity:item/tool/greatsword/modifiers/"
    ],
    "large": [
      "tinkers_ingenuity:item/tool/greatsword/modifiers/"
    ]
  },
  "parts": [
    {
      "name": "broad_blade_1",
      "index": 0,
      "broken": "broken_broad_blade"
    },
    {
      "name": "broad_blade_2",
      "index": 3
    },
    {
      "name": "gscore",
      "index": 2
    },
    {
      "name": "large_plate",
      "index": 4
    },
    {
      "name": "tough_handle",
      "index": 1
    }
  ],
  "large": true,
  "large_offset": [
    2,
    -2
  ],
  "overrides": [
    {
      "predicate": {
        "tconstruct:charging": 2
      },
      "model": "tinkers_ingenuity:item/blocking/greatsword"
    }
  ]
}