{
  "loader": "tconstruct:tool",
  "parent": "forge:item/default-tool",
  "textures": {
    "small_blade": "tinkers_ingenuity:item/tool/halberd/small_blade",
    "broken_small_blade": "tinkers_ingenuity:item/tool/halberd/broken_small_blade",
    "large_plate": "tinkers_ingenuity:item/tool/halberd/large_plate",
    "tough_handle": "tinkers_ingenuity:item/tool/halberd/tough_handle",
    "tool_binding": "tinkers_ingenuity:item/tool/halberd/tool_binding",
    "large_small_blade": "tinkers_ingenuity:item/tool/halberd/small_blade",
    "large_broken_small_blade": "tinkers_ingenuity:item/tool/halberd/broken_small_blade",
    "large_large_plate": "tinkers_ingenuity:item/tool/halberd/large_plate",
    "large_tough_handle": "tinkers_ingenuity:item/tool/halberd/tough_handle",
    "large_tool_binding": "tinkers_ingenuity:item/tool/halberd/tool_binding"
  },
  "modifier_roots": {
    "small": [
      "tinkers_ingenuity:item/tool/halberd/modifiers/"
    ],
    "large": [
      "tinkers_ingenuity:item/tool/halberd/modifiers/"
    ]
  },
  "parts": [
    {
      "name": "small_blade",
      "index": 0,
      "broken": "broken_small_blade"
    },
    {
      "name": "large_plate",
      "index": 3
    },
    {
      "name": "tough_handle",
      "index": 1
    },
    {
      "name": "tool_binding",
      "index": 2
    }
  ],
  "large": true,
  "large_offset": [
    2,
    -2
  ],
  "overrides": [
    {
      "predicate": {
        "tconstruct:charging": 2
      },
      "model": "tinkers_ingenuity:item/blocking/halberd"
    }
  ]
}