{
  "loader": "tconstruct:tool",
  "parent": "forge:item/default-tool",
  "textures": {
    "hammer_head": "tinkers_ingenuity:item/tool/hammer/hammer_head",
    "small_blade": "tinkers_ingenuity:item/tool/hammer/small_blade",
    "broken_small_blade": "tinkers_ingenuity:item/tool/hammer/broken_small_blade",
    "large_plate": "tinkers_ingenuity:item/tool/hammer/large_plate",
    "tough_handle": "tinkers_ingenuity:item/tool/hammer/tough_handle",
    "large_hammer_head": "tinkers_ingenuity:item/tool/hammer/hammer_head",
    "large_small_blade": "tinkers_ingenuity:item/tool/hammer/small_blade",
    "large_broken_small_blade": "tinkers_ingenuity:item/tool/hammer/broken_small_blade",
    "large_large_plate": "tinkers_ingenuity:item/tool/hammer/large_plate",
    "large_tough_handle": "tinkers_ingenuity:item/tool/hammer/tough_handle"
  },
  "modifier_roots": {
    "small": [
      "tinkers_ingenuity:item/tool/hammer/modifiers/"
    ],
    "large": [
      "tinkers_ingenuity:item/tool/hammer/modifiers/"
    ]
  },
  "parts": [
    {
      "name": "small_blade",
      "index": 0,
      "broken": "broken_small_blade"
    },
    {
      "name": "hammer_head",
      "index": 3
    },
    {
      "name": "large_plate",
      "index": 2
    },
    {
      "name": "tough_handle",
      "index": 1
    }
  ],
  "large": true,
  "large_offset": [
    2,
    -2
  ],
  "overrides": [
    {
      "predicate": {
        "tconstruct:charging": 2
      },
      "model": "tinkers_ingenuity:item/blocking/hammer"
    }
  ]
}