{
  "loader": "tconstruct:tool",
  "parent": "tconstruct:item/base/crossbow",
  "textures": {
    "limb": "tinkers_ingenuity:item/tool/heavy_crossbow/limb",
    "extra_limb": "tinkers_ingenuity:item/tool/heavy_crossbow/extra_limb",
    "grip": "tinkers_ingenuity:item/tool/heavy_crossbow/grip",
    "bowstring": "tinkers_ingenuity:item/tool/heavy_crossbow/bowstring",
    "broken_bowstring": "tinkers_ingenuity:item/tool/heavy_crossbow/broken_bowstring"
  },
  "parts": [
    {
      "name": "limb",
      "index": 0
    },
    {
      "name": "extra_limb",
      "index": 2
    },
    {
      "name": "grip",
      "index": 1
    },
    {
      "name": "bowstring",
      "index": 3,
      "broken": "broken_bowstring"
    }
  ],
  "overrides": [
    {
      "predicate": {
        "pulling": 1
      },
      "model": "tinkers_ingenuity:item/heavy_crossbow/pulling_1"
    },
    {
      "predicate": {
        "pulling": 1,
        "pull": 0.58
      },
      "model": "tinkers_ingenuity:item/heavy_crossbow/pulling_2"
    },
    {
      "predicate": {
        "pulling": 1,
        "pull": 1.0
      },
      "model": "tinkers_ingenuity:item/heavy_crossbow/pulling_3"
    },
    {
      "predicate": {
        "pulling": 2
      },
      "model": "tinkers_ingenuity:item/heavy_crossbow/blocking"
    },
    {
      "predicate": {
        "pulling": 2,
        "pull": 0.05
      },
      "model": "tinkers_ingenuity:item/heavy_crossbow/blocking_1"
    },
    {
      "predicate": {
        "pulling": 2,
        "pull": 0.58
      },
      "model": "tinkers_ingenuity:item/heavy_crossbow/blocking_2"
    },
    {
      "predicate": {
        "pulling": 2,
        "pull": 1.0
      },
      "model": "tinkers_ingenuity:item/heavy_crossbow/blocking_3"
    },
    {
      "predicate": {
        "tconstruct:ammo": 1
      },
      "model": "tinkers_ingenuity:item/heavy_crossbow/arrow"
    },
    {
      "predicate": {
        "tconstruct:ammo": 1,
        "pulling": 2
      },
      "model": "tinkers_ingenuity:item/heavy_crossbow/arrow_blocking"
    },
    {
      "predicate": {
        "tconstruct:ammo": 2
      },
      "model": "tinkers_ingenuity:item/heavy_crossbow/firework"
    },
    {
      "predicate": {
        "tconstruct:ammo": 2,
        "pulling": 2
      },
      "model": "tinkers_ingenuity:item/heavy_crossbow/firework_blocking"
    }
  ]
}