{
  "loader": "tconstruct:tool",
  "parent": "forge:item/default-tool",
  "textures": {
    "barrel": "tinkers_ingenuity:item/tool/laser_gun/barrel",
    "broken_barrel": "tinkers_ingenuity:item/tool/laser_gun/broken_barrel",
    "battery": "tinkers_ingenuity:item/tool/laser_gun/battery",
    "laser_medium": "tinkers_ingenuity:item/tool/laser_gun/laser_medium",
    "tough_handle": "tinkers_ingenuity:item/tool/laser_gun/tough_handle"
  },
  "modifier_roots": [
    "tinkers_ingenuity:item/tool/laser_gun/modifiers/"
  ],
  "parts": [
    {
      "name": "barrel",
      "index": 0,
      "broken": "broken_barrel"
    },
    {
      "name": "battery",
      "index": 1
    },
    {
      "name": "laser_medium",
      "index": 2
    },
    {
      "name": "tough_handle",
      "index": 3
    }
  ]
}