{
  "loader": "tconstruct:tool",
  "parent": "forge:item/default-tool",
  "textures": {
    "small_blade": "tinkers_ingenuity:item/tool/lograzor/small_blade",
    "broken_small_blade": "tinkers_ingenuity:item/tool/lograzor/broken_small_blade",
    "tough_handle": "tinkers_ingenuity:item/tool/lograzor/tough_handle",
    "tool_handle": "tinkers_ingenuity:item/tool/lograzor/tool_handle",
    "large_small_blade": "tinkers_ingenuity:item/tool/lograzor/small_blade",
    "large_broken_small_blade": "tinkers_ingenuity:item/tool/lograzor/broken_small_blade",
    "large_tough_handle": "tinkers_ingenuity:item/tool/lograzor/tough_handle",
    "large_tool_handle": "tinkers_ingenuity:item/tool/lograzor/tool_handle"
  },
  "modifier_roots": {
    "small": [
      "tinkers_ingenuity:item/tool/lograzor/modifiers/"
    ],
    "large": [
      "tinkers_ingenuity:item/tool/lograzor/modifiers/"
    ]
  },
  "parts": [
    {
      "name": "small_blade",
      "index": 0,
      "broken": "broken_small_blade"
    },
    {
      "name": "tough_handle",
      "index": 2
    },
    {
      "name": "tool_handle",
      "index": 1
    }
  ],
  "large": true,
  "large_offset": [
    2,
    -2
  ],
  "overrides": [
    {
      "predicate": {
        "tconstruct:charging": 2
      },
      "model": "tinkers_ingenuity:item/blocking/lograzor"
    }
  ]
}