{
  "loader": "tconstruct:tool",
  "parent": "forge:item/default",
  "textures": {
    "legs_plate": "tinkers_ingenuity:item/tool/armor/legs/legs_plate",
    "broken_legs_plate": "tinkers_ingenuity:item/tool/armor/legs/broken_legs_plate",
    "mail": "tinkers_ingenuity:item/tool/armor/legs/mail",
    "trim": "tinkers_ingenuity:item/tool/armor/legs/trim"
  },
  "parts": [
    {
      "name": "legs_plate",
      "index": 0,
      "broken": "broken_legs_plate"
    },
    {
      "name": "mail",
      "index": 1
    },
    {
      "name": "trim",
      "index": 2
    }
  ]
}