{
  "loader": "tconstruct:tool",
  "parent": "forge:item/default",
  "textures": {
    "feet_plate": "tinkers_ingenuity:item/tool/armor/feet/feet_plate",
    "broken_feet_plate": "tinkers_ingenuity:item/tool/armor/feet/broken_feet_plate",
    "mail": "tinkers_ingenuity:item/tool/armor/feet/mail",
    "trim": "tinkers_ingenuity:item/tool/armor/feet/trim"
  },
  "parts": [
    {
      "name": "feet_plate",
      "index": 0,
      "broken": "broken_feet_plate"
    },
    {
      "name": "mail",
      "index": 1
    },
    {
      "name": "trim",
      "index": 2
    }
  ]
}