{
  "loader": "tconstruct:tool",
  "parent": "forge:item/default",
  "textures": {
    "body_plate": "tinkers_ingenuity:item/tool/armor/body/body_plate",
    "broken_body_plate": "tinkers_ingenuity:item/tool/armor/body/broken_body_plate",
    "mail": "tinkers_ingenuity:item/tool/armor/body/mail",
    "trim": "tinkers_ingenuity:item/tool/armor/body/trim"
  },
  "parts": [
    {
      "name": "body_plate",
      "index": 0,
      "broken": "broken_body_plate"
    },
    {
      "name": "mail",
      "index": 1
    },
    {
      "name": "trim",
      "index": 2
    }
  ]
}