{
  "loader": "tconstruct:tool",
  "parent": "forge:item/default",
  "textures": {
    "head_plate": "tinkers_ingenuity:item/tool/armor/head/head_plate",
    "broken_head_plate": "tinkers_ingenuity:item/tool/armor/head/broken_head_plate",
    "mail": "tinkers_ingenuity:item/tool/armor/head/mail",
    "trim": "tinkers_ingenuity:item/tool/armor/head/trim"
  },
  "parts": [
    {
      "name": "head_plate",
      "index": 0,
      "broken": "broken_head_plate"
    },
    {
      "name": "mail",
      "index": 1
    },
    {
      "name": "trim",
      "index": 2
    }
  ]
}