{
  "loader": "tconstruct:tool",
  "parent": "forge:item/default-tool",
  "textures": {
    "small_blade": "tinkers_ingenuity:item/tool/rapier/small_blade",
    "broken_small_blade": "tinkers_ingenuity:item/tool/rapier/broken_small_blade",
    "large_plate": "tinkers_ingenuity:item/tool/rapier/large_plate",
    "tool_handle": "tinkers_ingenuity:item/tool/rapier/tool_handle"
  },
  "modifier_roots": [
    "tinkers_ingenuity:item/tool/rapier/modifiers/"
  ],
  "parts": [
    {
      "name": "small_blade",
      "index": 0,
      "broken": "broken_small_blade"
    },
    {
      "name": "large_plate",
      "index": 2
    },
    {
      "name": "tool_handle",
      "index": 1
    }
  ],
  "display": {
    "gui": {
      "rotation": [
        0,
        0,
        90
      ]
    },
    "thirdperson_righthand": {
      "rotation": [
        0,
        90,
        15
      ],
      "translation": [
        0,
        4.5,
        -1
      ],
      "scale": [
        1,
        1,
        1
      ]
    },
    "thirdperson_lefthand": {
      "rotation": [
        0,
        -90,
        -15
      ],
      "translation": [
        0,
        4.5,
        -1
      ],
      "scale": [
        1,
        1,
        1
      ]
    },
    "firstperson_righthand": {
      "rotation": [
        0,
        90,
        -25
      ],
      "translation": [
        0,
        2,
        0.8
      ],
      "scale": [
        0.75,
        0.75,
        0.75
      ]
    },
    "firstperson_lefthand": {
      "rotation": [
        0,
        -90,
        25
      ],
      "translation": [
        0,
        2,
        0.8
      ],
      "scale": [
        0.75,
        0.75,
        0.75
      ]
    }
  }
}