{
  "loader": "tconstruct:tool",
  "parent": "forge:item/default-tool",
  "textures": {
    "blade_1": "tinkers_ingenuity:item/tool/shuriken/blade_1",
    "blade_2": "tinkers_ingenuity:item/tool/shuriken/blade_2",
    "blade_3": "tinkers_ingenuity:item/tool/shuriken/blade_3",
    "blade_4": "tinkers_ingenuity:item/tool/shuriken/blade_4"
  },
  "modifier_roots": [
    "tinkers_ingenuity:item/tool/shuriken/modifiers/"
  ],
  "parts": [
    {
      "name": "blade_1",
      "index": 0,
      "broken": "blade_1"
    },
    {
      "name": "blade_2",
      "index": 1
    },
    {
      "name": "blade_3",
      "index": 2
    },
    {
      "name": "blade_4",
      "index": 3
    }
  ]
}