{
  "type": "integrated_api:over_lava_nether_structure",
  "config": {
    "start_pool": "idas:necromancers_spire/necromancers_spire1",
    "size": 4,
    "sea_level_offset": 0,
    "structure_set_to_avoid": [
      "repurposed_structures:temples_nether",
      "repurposed_structures:outposts_nether",
      "repurposed_structures:villages_nether",
      "idas:nether_ancient_portal",
      "minecraft:nether_complexes"
    ]
  },
  "biomes": "#idas:has_structure/necromancers_spire_biomes",
  "adapt_noise": false,
  "spawn_overrides": {
    "monster": {
      "bounding_box": "full",
      "spawns": [
        {
          "type": "quark:wraith",
          "weight": 10,
          "minCount": 1,
          "maxCount": 1
        }
      ]
    }
  }
}