{
  "type": "integrated_api:underground_structure",
  "config": {
    "start_pool": "idas:nexus/nexus",
    "size": 1,
    "set_fixed_y_spawn": -45,
    "do_not_use_heightmap": true,
    "structure_set_avoid_radius_check": 3,
    "structure_set_to_avoid": [
      "minecraft:villages",
      "minecraft:strongholds",
      "idas:abandonedhouse",
      "idas:ancient_mines",
      "idas:apothecary_abode",
      "idas:bearclaw_inn",
      "idas:beekeepers_house",
      "idas:brickhouse",
      "idas:castle",
      "idas:cottage",
      "idas:enchantingtower",
      "idas:farmhouse",
      "idas:fishermans_lodge",
      "idas:hauntedhouse",
      "idas:hermits_hollow",
      "idas:hunters_cabin",
      "idas:labyrinth",
      "idas:pillager_fortress",
      "idas:redhorn_guild",
      "idas:sunken_ship",
      "idas:sunken_ship_coral",
      "idas:treetop_tavern",
      "idas:witches_treestump",
      "idas:wizard_tower",
      "idas:ancient_portal/ancient_portal",
      "quark:mega_dungeon",
      "betterdungeons:zombie_dungeon",
      "betterdungeons:small_dungeon",
      "betterdungeons:spider_dungeon",
      "betterdungeons:skeleton_dungeon"
    ]
  },
  "biomes": "#idas:has_structure/ancient_portal_biomes",
  "adapt_noise": false,
  "spawn_overrides": {
    "monster": {
      "bounding_box": "piece",
      "spawns": [
        {
          "type": "quark:wraith",
          "weight": 5,
          "minCount": 1,
          "maxCount": 1
        }
      ]
    }
  }
}